StartDate,EndDate,Status,IPAddress,Progress,Duration (in seconds),Finished,RecordedDate,ResponseId,RecipientLastName,RecipientFirstName,RecipientEmail,ExternalReference,LocationLatitude,LocationLongitude,DistributionChannel,UserLanguage,Prolific_ID,Q1_1,Q1_2,Q1_3,Q1_4,Q1_5,Q1_6,Q1_7,Q1_8,Q1 S1 _1,Q1 S1 _2,Q1 S1 _3,Q1 S1 _4,Q1 S2_1,Q1 S2_2,Q1 S2_3,Q1 S2_4,Q1 S3_1,Q1 S3_2,Q1 S3_3,Q1 S3_4,Q1 S4_1,Q1 S4_2,Q1 S4_3,Q1 S4_4,Q1 S5_1,Q1 S5_2,Q1 S5_3,Q1 S5_4,Q1 S6_1,Q1 S6_2,Q1 S6_3,Q1 S6_4,Q1 S7_1,Q1 S7_2,Q1 S7_3,Q1 S7_4,Q1 S8_1,Q1 S8_2,Q1 S8_3,Q1 S8_4,Q2_1,Q2_2,Q2_3,Q2_4,Q2_5,Q2_6,Q2_7,Q2_8,Q2 S1_1,Q2 S1_2,Q2 S1_3,Q2 S1_4,Q2 S2_1,Q2 S2_2,Q2 S2_3,Q2 S2_4,Q2 S3_1,Q2 S3_2,Q2 S3_3,Q2 S3_4,Q2 S4_1,Q2 S4_2,Q2 S4_3,Q2 S4_4,Q2 S5_1,Q2 S5_2,Q2 S5_3,Q2 S5_4,Q2 S6_1,Q2 S6_2,Q2 S6_3,Q2 S6_4,Q2 S7_1,Q2 S7_2,Q2 S7_3,Q2 S7_4,Q2 S8_1,Q2 S8_2,Q2 S8_3,Q2 S8_4,Q3_1,Q3_2,Q3_3,Q3_4,Q3_5,Q3_6,Q3_7,Q3_8,Q3 S1 _1,Q3 S1 _2,Q3 S1 _3,Q3 S1 _4,Q3 S2_1,Q3 S2_2,Q3 S2_3,Q3 S2_4,Q3 S3_1,Q3 S3_2,Q3 S3_3,Q3 S3_4,Q3 S4_1,Q3 S4_2,Q3 S4_3,Q3 S4_4,Q3 S5_1,Q3 S5_2,Q3 S5_3,Q3 S5_4,Q3 S6_1,Q3 S6_2,Q3 S6_3,Q3 S6_4,Q3 S7_1,Q3 S7_2,Q3 S7_3,Q3 S7_4,Q3 S8_1,Q3 S8_2,Q3 S8_3,Q3 S8_4,Q4_1,Q4_2,Q4_3,Q4_4,Q4_5,Q4_6,Q4_7,Q4_8,Q4 S1_1,Q4 S1_2,Q4 S1_3,Q4 S1_4,Q4 S2_1,Q4 S2_2,Q4 S2_3,Q4 S2_4,Q4 S3_1,Q4 S3_2,Q4 S3_3,Q4 S3_4,Q4 SS4_1,Q4 SS4_2,Q4 SS4_3,Q4 SS4_4,Q4 S5_1,Q4 S5_2,Q4 S5_3,Q4 S5_4,Q4 S6_1,Q4 S6_2,Q4 S6_3,Q4 S6_4,Q4 S7_1,Q4 S7_2,Q4 S7_3,Q4 S7_4,Q4 S8_1,Q4 S8_2,Q4 S8_3,Q4 S8_4,Q5_1,Q5_2,Q5_3,Q5_4,Q5_5,Q5_6,Q5_7,Q5_8,Q5 S1_1,Q5 S1_2,Q5 S1_3,Q5 S1_4,Q5 S2_1,Q5 S2_2,Q5 S2_3,Q5 S2_4,Q5 S3_1,Q5 S3_2,Q5 S3_3,Q5 S3_4,Q5 S4_1,Q5 S4_2,Q5 S4_3,Q5 S4_4,Q5 S5 _1,Q5 S5 _2,Q5 S5 _3,Q5 S5 _4,Q5 S6_1,Q5 S6_2,Q5 S6_3,Q5 S6_4,Q5 S7_1,Q5 S7_2,Q5 S7_3,Q5 S7_4,Q5 S8_1,Q5 S8_2,Q5 S8_3,Q5 S8_4,Q6_1,Q6_2,Q6_3,Q6_4,Q6_5,Q6_6,Q6_7,Q6_8,Q6 S1_1,Q6 S1_2,Q6 S1_3,Q6 S1_4,Q6 S2_1,Q6 S2_2,Q6 S2_3,Q6 S2_4,Q6 S3_1,Q6 S3_2,Q6 S3_3,Q6 S3_4,Q6 S4 _1,Q6 S4 _2,Q6 S4 _3,Q6 S4 _4,Q6 S5_1,Q6 S5_2,Q6 S5_3,Q6 S5_4,Q6 S6_1,Q6 S6_2,Q6 S6_3,Q6 S6_4,Q6 S7_1,Q6 S7_2,Q6 S7_3,Q6 S7_4,Q6 S8_1,Q6 S8_2,Q6 S8_3,Q6 S8_4,Q7_1,Q7_2,Q7_3,Q7_4,Q7_5,Q7_6,Q7_7,Q7_8,Q7 S1_1,Q7 S1_2,Q7 S1_3,Q7 S1_4,Q7 S2_1,Q7 S2_2,Q7 S2_3,Q7 S2_4,Q7 S3_1,Q7 S3_2,Q7 S3_3,Q7 S3_4,Q7 S4_1,Q7 S4_2,Q7 S4_3,Q7 S4_4,Q7 S5_1,Q7 S5_2,Q7 S5_3,Q7 S5_4,Q7 S6_1,Q7 S6_2,Q7 S6_3,Q7 S6_4,Q7 S7_1,Q7 S7_2,Q7 S7_3,Q7 S7_4,Q7 S8_1,Q7 S8_2,Q7 S8_3,Q7 S8_4,Q8_1,Q8_2,Q8_3,Q8_4,Q8_5,Q8_6,Q8_7,Q8_8,Q8 S1_1,Q8 S1_2,Q8 S1_3,Q8 S1_4,Q8 S2_1,Q8 S2_2,Q8 S2_3,Q8 S2_4,Q8 S3_1,Q8 S3_2,Q8 S3_3,Q8 S3_4,Q8 S4_1,Q8 S4_2,Q8 S4_3,Q8 S4_4,Q8 S5_1,Q8 S5_2,Q8 S5_3,Q8 S5_4,Q8 S6_1,Q8 S6_2,Q8 S6_3,Q8 S6_4,Q8 S7_1,Q8 S7_2,Q8 S7_3,Q8 S7_4,Q8 S8_1,Q8 S8_2,Q8 S8_3,Q8 S8_4
Start Date,End Date,Response Type,IP Address,Progress,Duration (in seconds),Finished,Recorded Date,Response ID,Recipient Last Name,Recipient First Name,Recipient Email,External Data Reference,Location Latitude,Location Longitude,Distribution Channel,User Language,Please enter your Prolific ID below.,"Heinzs wife has recently fallen ill and needs an expensive medication that is not covered by her medical insurance. They do not have the money needed to purchase the expensive prescription medication, but they know that it is vital for her to have it if she is going to recover.

In this situation, what are some things you believe Heinzs could do? Please list 8 - 1","Heinzs wife has recently fallen ill and needs an expensive medication that is not covered by her medical insurance. They do not have the money needed to purchase the expensive prescription medication, but they know that it is vital for her to have it if she is going to recover.

In this situation, what are some things you believe Heinzs could do? Please list 8 - 2","Heinzs wife has recently fallen ill and needs an expensive medication that is not covered by her medical insurance. They do not have the money needed to purchase the expensive prescription medication, but they know that it is vital for her to have it if she is going to recover.

In this situation, what are some things you believe Heinzs could do? Please list 8 - 3","Heinzs wife has recently fallen ill and needs an expensive medication that is not covered by her medical insurance. They do not have the money needed to purchase the expensive prescription medication, but they know that it is vital for her to have it if she is going to recover.

In this situation, what are some things you believe Heinzs could do? Please list 8 - 4","Heinzs wife has recently fallen ill and needs an expensive medication that is not covered by her medical insurance. They do not have the money needed to purchase the expensive prescription medication, but they know that it is vital for her to have it if she is going to recover.

In this situation, what are some things you believe Heinzs could do? Please list 8 - 5","Heinzs wife has recently fallen ill and needs an expensive medication that is not covered by her medical insurance. They do not have the money needed to purchase the expensive prescription medication, but they know that it is vital for her to have it if she is going to recover.

In this situation, what are some things you believe Heinzs could do? Please list 8 - 6","Heinzs wife has recently fallen ill and needs an expensive medication that is not covered by her medical insurance. They do not have the money needed to purchase the expensive prescription medication, but they know that it is vital for her to have it if she is going to recover.

In this situation, what are some things you believe Heinzs could do? Please list 8 - 7","Heinzs wife has recently fallen ill and needs an expensive medication that is not covered by her medical insurance. They do not have the money needed to purchase the expensive prescription medication, but they know that it is vital for her to have it if she is going to recover.

In this situation, what are some things you believe Heinzs could do? Please list 8 - 8",Consider one of the things you believed Heinz could do: [QID1-ChoiceTextEntryValue-1] - How good would it be for Heinz to do that thing?,Consider one of the things you believed Heinz could do: [QID1-ChoiceTextEntryValue-1] - How probable is it that Heinz will do that thing?,Consider one of the things you believed Heinz could do: [QID1-ChoiceTextEntryValue-1] - How morally acceptable would it be for Heinz to do that thing?,Consider one of the things you believed Heinz could do: [QID1-ChoiceTextEntryValue-1] - How normal would it be if Heinz did that thing?,Consider one of the things you believed Heinz could do: [QID1-ChoiceTextEntryValue-2] - How good would it be for Heinz to do that thing?,Consider one of the things you believed Heinz could do: [QID1-ChoiceTextEntryValue-2] - How probable is it that Heinz will do that thing?,Consider one of the things you believed Heinz could do: [QID1-ChoiceTextEntryValue-2] - How morally acceptable would it be for Heinz to do that thing?,Consider one of the things you believed Heinz could do: [QID1-ChoiceTextEntryValue-2] - How normal would it be if Heinz did that thing?,Consider one of the things you believed Heinz could do: [QID1-ChoiceTextEntryValue-3] - How good would it be for Heinz to do that thing?,Consider one of the things you believed Heinz could do: [QID1-ChoiceTextEntryValue-3] - How probable is it that Heinz will do that thing?,Consider one of the things you believed Heinz could do: [QID1-ChoiceTextEntryValue-3] - How morally acceptable would it be for Heinz to do that thing?,Consider one of the things you believed Heinz could do: [QID1-ChoiceTextEntryValue-3] - How normal would it be if Heinz did that thing?,Consider one of the things you believed Heinz could do: [QID1-ChoiceTextEntryValue-4] - How good would it be for Heinz to do that thing?,Consider one of the things you believed Heinz could do: [QID1-ChoiceTextEntryValue-4] - How probable is it that Heinz will do that thing?,Consider one of the things you believed Heinz could do: [QID1-ChoiceTextEntryValue-4] - How morally acceptable would it be for Heinz to do that thing?,Consider one of the things you believed Heinz could do: [QID1-ChoiceTextEntryValue-4] - How normal would it be if Heinz did that thing?,Consider one of the things you believed Heinz could do: [QID1-ChoiceTextEntryValue-5] - How good would it be for Heinz to do that thing?,Consider one of the things you believed Heinz could do: [QID1-ChoiceTextEntryValue-5] - How probable is it that Heinz will do that thing?,Consider one of the things you believed Heinz could do: [QID1-ChoiceTextEntryValue-5] - How morally acceptable would it be for Heinz to do that thing?,Consider one of the things you believed Heinz could do: [QID1-ChoiceTextEntryValue-5] - How normal would it be if Heinz did that thing?,Consider one of the things you believed Heinz could do: [QID1-ChoiceTextEntryValue-6] - How good would it be for Heinz to do that thing?,Consider one of the things you believed Heinz could do: [QID1-ChoiceTextEntryValue-6] - How probable is it that Heinz will do that thing?,Consider one of the things you believed Heinz could do: [QID1-ChoiceTextEntryValue-6] - How morally acceptable would it be for Heinz to do that thing?,Consider one of the things you believed Heinz could do: [QID1-ChoiceTextEntryValue-6] - How normal would it be if Heinz did that thing?,Consider one of the things you believed Heinz could do: [QID1-ChoiceTextEntryValue-7] - How good would it be for Heinz to do that thing?,Consider one of the things you believed Heinz could do: [QID1-ChoiceTextEntryValue-7] - How probable is it that Heinz will do that thing?,Consider one of the things you believed Heinz could do: [QID1-ChoiceTextEntryValue-7] - How morally acceptable would it be for Heinz to do that thing?,Consider one of the things you believed Heinz could do: [QID1-ChoiceTextEntryValue-7] - How normal would it be if Heinz did that thing?,Consider one of the things you believed Heinz could do: [QID1-ChoiceTextEntryValue-8] - How good would it be for Heinz to do that thing?,Consider one of the things you believed Heinz could do: [QID1-ChoiceTextEntryValue-8] - How probable is it that Heinz will do that thing?,Consider one of the things you believed Heinz could do: [QID1-ChoiceTextEntryValue-8] - How morally acceptable would it be for Heinz to do that thing?,Consider one of the things you believed Heinz could do: [QID1-ChoiceTextEntryValue-8] - How normal would it be if Heinz did that thing?,"Josh is on the way to the airport to catch a flight for a hunting safari in Africa. He leaves with plenty of time to make it there, but his car breaks down on the highway. Now Josh is sitting in his car near a busy intersection, and knows he needs to get to the airport soon if he is going to catch his flight.

In this situation, what are some things you believe Josh could do? Please list 8 - 1","Josh is on the way to the airport to catch a flight for a hunting safari in Africa. He leaves with plenty of time to make it there, but his car breaks down on the highway. Now Josh is sitting in his car near a busy intersection, and knows he needs to get to the airport soon if he is going to catch his flight.

In this situation, what are some things you believe Josh could do? Please list 8 - 2","Josh is on the way to the airport to catch a flight for a hunting safari in Africa. He leaves with plenty of time to make it there, but his car breaks down on the highway. Now Josh is sitting in his car near a busy intersection, and knows he needs to get to the airport soon if he is going to catch his flight.

In this situation, what are some things you believe Josh could do? Please list 8 - 3","Josh is on the way to the airport to catch a flight for a hunting safari in Africa. He leaves with plenty of time to make it there, but his car breaks down on the highway. Now Josh is sitting in his car near a busy intersection, and knows he needs to get to the airport soon if he is going to catch his flight.

In this situation, what are some things you believe Josh could do? Please list 8 - 4","Josh is on the way to the airport to catch a flight for a hunting safari in Africa. He leaves with plenty of time to make it there, but his car breaks down on the highway. Now Josh is sitting in his car near a busy intersection, and knows he needs to get to the airport soon if he is going to catch his flight.

In this situation, what are some things you believe Josh could do? Please list 8 - 5","Josh is on the way to the airport to catch a flight for a hunting safari in Africa. He leaves with plenty of time to make it there, but his car breaks down on the highway. Now Josh is sitting in his car near a busy intersection, and knows he needs to get to the airport soon if he is going to catch his flight.

In this situation, what are some things you believe Josh could do? Please list 8 - 6","Josh is on the way to the airport to catch a flight for a hunting safari in Africa. He leaves with plenty of time to make it there, but his car breaks down on the highway. Now Josh is sitting in his car near a busy intersection, and knows he needs to get to the airport soon if he is going to catch his flight.

In this situation, what are some things you believe Josh could do? Please list 8 - 7","Josh is on the way to the airport to catch a flight for a hunting safari in Africa. He leaves with plenty of time to make it there, but his car breaks down on the highway. Now Josh is sitting in his car near a busy intersection, and knows he needs to get to the airport soon if he is going to catch his flight.

In this situation, what are some things you believe Josh could do? Please list 8 - 8",Consider one of the things you believed Josh could do: [QID11-ChoiceTextEntryValue-1] - How good would it be for Josh to do that thing?,Consider one of the things you believed Josh could do: [QID11-ChoiceTextEntryValue-1] - How probable is it that Josh will do that thing?,Consider one of the things you believed Josh could do: [QID11-ChoiceTextEntryValue-1] - How morally acceptable would it be for Josh to do that thing?,Consider one of the things you believed Josh could do: [QID11-ChoiceTextEntryValue-1] - How normal would it be if Josh did that thing?,Consider one of the things you believed Josh could do: [QID11-ChoiceTextEntryValue-2] - How good would it be for Josh to do that thing?,Consider one of the things you believed Josh could do: [QID11-ChoiceTextEntryValue-2] - How probable is it that Josh will do that thing?,Consider one of the things you believed Josh could do: [QID11-ChoiceTextEntryValue-2] - How morally acceptable would it be for Josh to do that thing?,Consider one of the things you believed Josh could do: [QID11-ChoiceTextEntryValue-2] - How normal would it be if Josh did that thing?,Consider one of the things you believed Josh could do: [QID11-ChoiceTextEntryValue-3] - How good would it be for Josh to do that thing?,Consider one of the things you believed Josh could do: [QID11-ChoiceTextEntryValue-3] - How probable is it that Josh will do that thing?,Consider one of the things you believed Josh could do: [QID11-ChoiceTextEntryValue-3] - How morally acceptable would it be for Josh to do that thing?,Consider one of the things you believed Josh could do: [QID11-ChoiceTextEntryValue-3] - How normal would it be if Josh did that thing?,Consider one of the things you believed Josh could do: [QID11-ChoiceTextEntryValue-4] - How good would it be for Josh to do that thing?,Consider one of the things you believed Josh could do: [QID11-ChoiceTextEntryValue-4] - How probable is it that Josh will do that thing?,Consider one of the things you believed Josh could do: [QID11-ChoiceTextEntryValue-4] - How morally acceptable would it be for Josh to do that thing?,Consider one of the things you believed Josh could do: [QID11-ChoiceTextEntryValue-4] - How normal would it be if Josh did that thing?,Consider one of the things you believed Josh could do: [QID11-ChoiceTextEntryValue-5] - How good would it be for Josh to do that thing?,Consider one of the things you believed Josh could do: [QID11-ChoiceTextEntryValue-5] - How probable is it that Josh will do that thing?,Consider one of the things you believed Josh could do: [QID11-ChoiceTextEntryValue-5] - How morally acceptable would it be for Josh to do that thing?,Consider one of the things you believed Josh could do: [QID11-ChoiceTextEntryValue-5] - How normal would it be if Josh did that thing?,Consider one of the things you believed Josh could do: [QID11-ChoiceTextEntryValue-6] - How good would it be for Josh to do that thing?,Consider one of the things you believed Josh could do: [QID11-ChoiceTextEntryValue-6] - How probable is it that Josh will do that thing?,Consider one of the things you believed Josh could do: [QID11-ChoiceTextEntryValue-6] - How morally acceptable would it be for Josh to do that thing?,Consider one of the things you believed Josh could do: [QID11-ChoiceTextEntryValue-6] - How normal would it be if Josh did that thing?,Consider one of the things you believed Josh could do: [QID11-ChoiceTextEntryValue-7] - How good would it be for Josh to do that thing?,Consider one of the things you believed Josh could do: [QID11-ChoiceTextEntryValue-7] - How probable is it that Josh will do that thing?,Consider one of the things you believed Josh could do: [QID11-ChoiceTextEntryValue-7] - How morally acceptable would it be for Josh to do that thing?,Consider one of the things you believed Josh could do: [QID11-ChoiceTextEntryValue-7] - How normal would it be if Josh did that thing?,Consider one of the things you believed Josh could do: [QID11-ChoiceTextEntryValue-8] - How good would it be for Josh to do that thing?,Consider one of the things you believed Josh could do: [QID11-ChoiceTextEntryValue-8] - How probable is it that Josh will do that thing?,Consider one of the things you believed Josh could do: [QID11-ChoiceTextEntryValue-8] - How morally acceptable would it be for Josh to do that thing?,Consider one of the things you believed Josh could do: [QID11-ChoiceTextEntryValue-8] - How normal would it be if Josh did that thing?,"Brian is the evening manager at a bakery. Near the end of the day, he realizes that $50.75 is missing from the register and that he is responsible for accounting for the money at the end of the day. Brian knows he has to make sure the register is balanced or he might lose his job.

In this situation, what are some things you believe Brian could do? Please list 8 - 1","Brian is the evening manager at a bakery. Near the end of the day, he realizes that $50.75 is missing from the register and that he is responsible for accounting for the money at the end of the day. Brian knows he has to make sure the register is balanced or he might lose his job.

In this situation, what are some things you believe Brian could do? Please list 8 - 2","Brian is the evening manager at a bakery. Near the end of the day, he realizes that $50.75 is missing from the register and that he is responsible for accounting for the money at the end of the day. Brian knows he has to make sure the register is balanced or he might lose his job.

In this situation, what are some things you believe Brian could do? Please list 8 - 3","Brian is the evening manager at a bakery. Near the end of the day, he realizes that $50.75 is missing from the register and that he is responsible for accounting for the money at the end of the day. Brian knows he has to make sure the register is balanced or he might lose his job.

In this situation, what are some things you believe Brian could do? Please list 8 - 4","Brian is the evening manager at a bakery. Near the end of the day, he realizes that $50.75 is missing from the register and that he is responsible for accounting for the money at the end of the day. Brian knows he has to make sure the register is balanced or he might lose his job.

In this situation, what are some things you believe Brian could do? Please list 8 - 5","Brian is the evening manager at a bakery. Near the end of the day, he realizes that $50.75 is missing from the register and that he is responsible for accounting for the money at the end of the day. Brian knows he has to make sure the register is balanced or he might lose his job.

In this situation, what are some things you believe Brian could do? Please list 8 - 6","Brian is the evening manager at a bakery. Near the end of the day, he realizes that $50.75 is missing from the register and that he is responsible for accounting for the money at the end of the day. Brian knows he has to make sure the register is balanced or he might lose his job.

In this situation, what are some things you believe Brian could do? Please list 8 - 7","Brian is the evening manager at a bakery. Near the end of the day, he realizes that $50.75 is missing from the register and that he is responsible for accounting for the money at the end of the day. Brian knows he has to make sure the register is balanced or he might lose his job.

In this situation, what are some things you believe Brian could do? Please list 8 - 8",Consider one of the things you believed Brian could do: [QID19-ChoiceTextEntryValue-1] - How good would it be for Brian to do that thing?,Consider one of the things you believed Brian could do: [QID19-ChoiceTextEntryValue-1] - How probable is it that Brian will do that thing?,Consider one of the things you believed Brian could do: [QID19-ChoiceTextEntryValue-1] - How morally acceptable would it be for Brian to do that thing?,Consider one of the things you believed Brian could do: [QID19-ChoiceTextEntryValue-1] - How normal would it be if Brian did that thing?,Consider one of the things you believed Brian could do: [QID19-ChoiceTextEntryValue-2] - How good would it be for Brian to do that thing?,Consider one of the things you believed Brian could do: [QID19-ChoiceTextEntryValue-2] - How probable is it that Brian will do that thing?,Consider one of the things you believed Brian could do: [QID19-ChoiceTextEntryValue-2] - How morally acceptable would it be for Brian to do that thing?,Consider one of the things you believed Brian could do: [QID19-ChoiceTextEntryValue-2] - How normal would it be if Brian did that thing?,Consider one of the things you believed Brian could do: [QID19-ChoiceTextEntryValue-3] - How good would it be for Brian to do that thing?,Consider one of the things you believed Brian could do: [QID19-ChoiceTextEntryValue-3] - How probable is it that Brian will do that thing?,Consider one of the things you believed Brian could do: [QID19-ChoiceTextEntryValue-3] - How morally acceptable would it be for Brian to do that thing?,Consider one of the things you believed Brian could do: [QID19-ChoiceTextEntryValue-3] - How normal would it be if Brian did that thing?,Consider one of the things you believed Brian could do: [QID19-ChoiceTextEntryValue-4] - How good would it be for Brian to do that thing?,Consider one of the things you believed Brian could do: [QID19-ChoiceTextEntryValue-4] - How probable is it that Brian will do that thing?,Consider one of the things you believed Brian could do: [QID19-ChoiceTextEntryValue-4] - How morally acceptable would it be for Brian to do that thing?,Consider one of the things you believed Brian could do: [QID19-ChoiceTextEntryValue-4] - How normal would it be if Brian did that thing?,Consider one of the things you believed Brian could do: [QID19-ChoiceTextEntryValue-5] - How good would it be for Brian to do that thing?,Consider one of the things you believed Brian could do: [QID19-ChoiceTextEntryValue-5] - How probable is it that Brian will do that thing?,Consider one of the things you believed Brian could do: [QID19-ChoiceTextEntryValue-5] - How morally acceptable would it be for Brian to do that thing?,Consider one of the things you believed Brian could do: [QID19-ChoiceTextEntryValue-5] - How normal would it be if Brian did that thing?,Consider one of the things you believed Brian could do: [QID19-ChoiceTextEntryValue-6] - How good would it be for Brian to do that thing?,Consider one of the things you believed Brian could do: [QID19-ChoiceTextEntryValue-6] - How probable is it that Brian will do that thing?,Consider one of the things you believed Brian could do: [QID19-ChoiceTextEntryValue-6] - How morally acceptable would it be for Brian to do that thing?,Consider one of the things you believed Brian could do: [QID19-ChoiceTextEntryValue-6] - How normal would it be if Brian did that thing?,Consider one of the things you believed Brian could do: [QID19-ChoiceTextEntryValue-7] - How good would it be for Brian to do that thing?,Consider one of the things you believed Brian could do: [QID19-ChoiceTextEntryValue-7] - How probable is it that Brian will do that thing?,Consider one of the things you believed Brian could do: [QID19-ChoiceTextEntryValue-7] - How morally acceptable would it be for Brian to do that thing?,Consider one of the things you believed Brian could do: [QID19-ChoiceTextEntryValue-7] - How normal would it be if Brian did that thing?,Consider one of the things you believed Brian could do: [QID19-ChoiceTextEntryValue-8] - How good would it be for Brian to do that thing?,Consider one of the things you believed Brian could do: [QID19-ChoiceTextEntryValue-8] - How probable is it that Brian will do that thing?,Consider one of the things you believed Brian could do: [QID19-ChoiceTextEntryValue-8] - How morally acceptable would it be for Brian to do that thing?,Consider one of the things you believed Brian could do: [QID19-ChoiceTextEntryValue-8] - How normal would it be if Brian did that thing?,"Mary is about to go to her final class of the day when she remembers that there is a homework assignment that is due. Mary's mom accidentally took her homework assignment out of her backpack when she was making room for her lunch. Now Mary has nothing to turn in for credit.

In this situation, what are some things you believe Mary could do? Please list 8 - 1","Mary is about to go to her final class of the day when she remembers that there is a homework assignment that is due. Mary's mom accidentally took her homework assignment out of her backpack when she was making room for her lunch. Now Mary has nothing to turn in for credit.

In this situation, what are some things you believe Mary could do? Please list 8 - 2","Mary is about to go to her final class of the day when she remembers that there is a homework assignment that is due. Mary's mom accidentally took her homework assignment out of her backpack when she was making room for her lunch. Now Mary has nothing to turn in for credit.

In this situation, what are some things you believe Mary could do? Please list 8 - 3","Mary is about to go to her final class of the day when she remembers that there is a homework assignment that is due. Mary's mom accidentally took her homework assignment out of her backpack when she was making room for her lunch. Now Mary has nothing to turn in for credit.

In this situation, what are some things you believe Mary could do? Please list 8 - 4","Mary is about to go to her final class of the day when she remembers that there is a homework assignment that is due. Mary's mom accidentally took her homework assignment out of her backpack when she was making room for her lunch. Now Mary has nothing to turn in for credit.

In this situation, what are some things you believe Mary could do? Please list 8 - 5","Mary is about to go to her final class of the day when she remembers that there is a homework assignment that is due. Mary's mom accidentally took her homework assignment out of her backpack when she was making room for her lunch. Now Mary has nothing to turn in for credit.

In this situation, what are some things you believe Mary could do? Please list 8 - 6","Mary is about to go to her final class of the day when she remembers that there is a homework assignment that is due. Mary's mom accidentally took her homework assignment out of her backpack when she was making room for her lunch. Now Mary has nothing to turn in for credit.

In this situation, what are some things you believe Mary could do? Please list 8 - 7","Mary is about to go to her final class of the day when she remembers that there is a homework assignment that is due. Mary's mom accidentally took her homework assignment out of her backpack when she was making room for her lunch. Now Mary has nothing to turn in for credit.

In this situation, what are some things you believe Mary could do? Please list 8 - 8",Consider one of the things you believed Mary could do: [QID26-ChoiceTextEntryValue-1] - How good would it be for Mary to do that thing?,Consider one of the things you believed Mary could do: [QID26-ChoiceTextEntryValue-1] - How probable is it that Mary will do that thing?,Consider one of the things you believed Mary could do: [QID26-ChoiceTextEntryValue-1] - How morally acceptable would it be for Mary to do that thing?,Consider one of the things you believed Mary could do: [QID26-ChoiceTextEntryValue-1] - How normal would it be if Mary did that thing?,Consider one of the things you believed Mary could do: [QID26-ChoiceTextEntryValue-2] - How good would it be for Mary to do that thing?,Consider one of the things you believed Mary could do: [QID26-ChoiceTextEntryValue-2] - How probable is it that Mary will do that thing?,Consider one of the things you believed Mary could do: [QID26-ChoiceTextEntryValue-2] - How morally acceptable would it be for Mary to do that thing?,Consider one of the things you believed Mary could do: [QID26-ChoiceTextEntryValue-2] - How normal would it be if Mary did that thing?,Consider one of the things you believed Mary could do: [QID26-ChoiceTextEntryValue-3] - How good would it be for Mary to do this thing?,Consider one of the things you believed Mary could do: [QID26-ChoiceTextEntryValue-3] - How probable is it that Mary will do that thing?,Consider one of the things you believed Mary could do: [QID26-ChoiceTextEntryValue-3] - How morally acceptable would it be for Mary to do that thing?,Consider one of the things you believed Mary could do: [QID26-ChoiceTextEntryValue-3] - How normal would it be if Mary did that thing?,Consider one of the things you believed Mary could do: [QID26-ChoiceTextEntryValue-4] - How good would it be for Mary to do that thing?,Consider one of the things you believed Mary could do: [QID26-ChoiceTextEntryValue-4] - How probable is it that Mary will do that thing?,Consider one of the things you believed Mary could do: [QID26-ChoiceTextEntryValue-4] - How morally acceptable would it be for Mary to do that thing?,Consider one of the things you believed Mary could do: [QID26-ChoiceTextEntryValue-4] - How normal would it be if Mary did that thing?,Consider one of the things you believed Mary could do: [QID26-ChoiceTextEntryValue-5] - How good would it be for Mary to do that thing?,Consider one of the things you believed Mary could do: [QID26-ChoiceTextEntryValue-5] - How probable is it that Mary will do that thing?,Consider one of the things you believed Mary could do: [QID26-ChoiceTextEntryValue-5] - How morally acceptable would it be for Mary to do that thing?,Consider one of the things you believed Mary could do: [QID26-ChoiceTextEntryValue-5] - How normal would it be if Mary did that thing?,Consider one of the things you believed Mary could do: [QID26-ChoiceTextEntryValue-6] - How good would it be for Mary to do that thing?,Consider one of the things you believed Mary could do: [QID26-ChoiceTextEntryValue-6] - How probable is it that Mary will do that thing?,Consider one of the things you believed Mary could do: [QID26-ChoiceTextEntryValue-6] - How morally acceptable would it be for Mary to do that thing?,Consider one of the things you believed Mary could do: [QID26-ChoiceTextEntryValue-6] - How normal would it be if Mary did that thing?,Consider one of the things you believed Mary could do: [QID26-ChoiceTextEntryValue-7] - How good would it be for Mary to do that thing?,Consider one of the things you believed Mary could do: [QID26-ChoiceTextEntryValue-7] - How probable is it that Mary will do that thing?,Consider one of the things you believed Mary could do: [QID26-ChoiceTextEntryValue-7] - How morally acceptable would it be for Mary to do that thing?,Consider one of the things you believed Mary could do: [QID26-ChoiceTextEntryValue-7] - How normal would it be if Mary did that thing?,Consider one of the things you believed Mary could do: [QID26-ChoiceTextEntryValue-8] - How good would it be for Mary to do that thing?,Consider one of the things you believed Mary could do: [QID26-ChoiceTextEntryValue-8] - How probable is it that Mary will do that thing?,Consider one of the things you believed Mary could do: [QID26-ChoiceTextEntryValue-8] - How morally acceptable would it be for Mary to do that thing?,Consider one of the things you believed Mary could do: [QID26-ChoiceTextEntryValue-8] - How normal would it be if Mary did that thing?,"Brad and some friends are hiking through the mountains in the Canadian wilderness. A couple of days into their hike, Brad realizes that they are lost. He knows that a rescue crew could arrive before long, but it is extremely cold and they don't have much food or water left.

In this situation, what are some things you believe Brad could do? Please list 8 - 1","Brad and some friends are hiking through the mountains in the Canadian wilderness. A couple of days into their hike, Brad realizes that they are lost. He knows that a rescue crew could arrive before long, but it is extremely cold and they don't have much food or water left.

In this situation, what are some things you believe Brad could do? Please list 8 - 2","Brad and some friends are hiking through the mountains in the Canadian wilderness. A couple of days into their hike, Brad realizes that they are lost. He knows that a rescue crew could arrive before long, but it is extremely cold and they don't have much food or water left.

In this situation, what are some things you believe Brad could do? Please list 8 - 3","Brad and some friends are hiking through the mountains in the Canadian wilderness. A couple of days into their hike, Brad realizes that they are lost. He knows that a rescue crew could arrive before long, but it is extremely cold and they don't have much food or water left.

In this situation, what are some things you believe Brad could do? Please list 8 - 4","Brad and some friends are hiking through the mountains in the Canadian wilderness. A couple of days into their hike, Brad realizes that they are lost. He knows that a rescue crew could arrive before long, but it is extremely cold and they don't have much food or water left.

In this situation, what are some things you believe Brad could do? Please list 8 - 5","Brad and some friends are hiking through the mountains in the Canadian wilderness. A couple of days into their hike, Brad realizes that they are lost. He knows that a rescue crew could arrive before long, but it is extremely cold and they don't have much food or water left.

In this situation, what are some things you believe Brad could do? Please list 8 - 6","Brad and some friends are hiking through the mountains in the Canadian wilderness. A couple of days into their hike, Brad realizes that they are lost. He knows that a rescue crew could arrive before long, but it is extremely cold and they don't have much food or water left.

In this situation, what are some things you believe Brad could do? Please list 8 - 7","Brad and some friends are hiking through the mountains in the Canadian wilderness. A couple of days into their hike, Brad realizes that they are lost. He knows that a rescue crew could arrive before long, but it is extremely cold and they don't have much food or water left.

In this situation, what are some things you believe Brad could do? Please list 8 - 8",Consider one of the things you believed Brad could do: [QID33-ChoiceTextEntryValue-1] - How good would it be for Brad to do that thing?,Consider one of the things you believed Brad could do: [QID33-ChoiceTextEntryValue-1] - How probable is it that Brad will do that thing?,Consider one of the things you believed Brad could do: [QID33-ChoiceTextEntryValue-1] - How morally acceptable would it be for Brad to do that thing?,Consider one of the things you believed Brad could do: [QID33-ChoiceTextEntryValue-1] - How normal would it be if Brad did that thing?,Consider one of the things you believed Brad could do: [QID33-ChoiceTextEntryValue-2] - How good would it be for Brad to do that thing?,Consider one of the things you believed Brad could do: [QID33-ChoiceTextEntryValue-2] - How probable is it that Brad will do that thing?,Consider one of the things you believed Brad could do: [QID33-ChoiceTextEntryValue-2] - How morally acceptable would it be for Brad to do that thing?,Consider one of the things you believed Brad could do: [QID33-ChoiceTextEntryValue-2] - How normal would it be if Brad did that thing?,Consider one of the things you believed Brad could do: [QID33-ChoiceTextEntryValue-3] - How good would it be for Brad to do that thing?,Consider one of the things you believed Brad could do: [QID33-ChoiceTextEntryValue-3] - How probable is it that Brad will do that thing?,Consider one of the things you believed Brad could do: [QID33-ChoiceTextEntryValue-3] - How morally acceptable would it be for Brad to do that thing?,Consider one of the things you believed Brad could do: [QID33-ChoiceTextEntryValue-3] - How normal would it be if Brad did that thing?,Consider one of the things you believed Brad could do: [QID33-ChoiceTextEntryValue-4] - How good would it be for Brad to do that thing?,Consider one of the things you believed Brad could do: [QID33-ChoiceTextEntryValue-4] - How probable is it that Brad will do that thing?,Consider one of the things you believed Brad could do: [QID33-ChoiceTextEntryValue-4] - How morally acceptable would it be for Brad to do that thing?,Consider one of the things you believed Brad could do: [QID33-ChoiceTextEntryValue-4] - How normal would it be if Brad did that thing?,Consider one of the things you believed Brad could do: [QID33-ChoiceTextEntryValue-5] - How good would it be for Brad to do that thing?,Consider one of the things you believed Brad could do: [QID33-ChoiceTextEntryValue-5] - How probable is it that Brad will do that thing?,Consider one of the things you believed Brad could do: [QID33-ChoiceTextEntryValue-5] - How morally acceptable would it be for Brad to do that thing?,Consider one of the things you believed Brad could do: [QID33-ChoiceTextEntryValue-5] - How normal would it be if Brad did that thing?,Consider one of the things you believed Brad could do: [QID33-ChoiceTextEntryValue-6] - How good would it be for Brad to do that thing?,Consider one of the things you believed Brad could do: [QID33-ChoiceTextEntryValue-6] - How probable is it that Brad will do that thing?,Consider one of the things you believed Brad could do: [QID33-ChoiceTextEntryValue-6] - How morally acceptable would it be for Brad to do that thing?,Consider one of the things you believed Brad could do: [QID33-ChoiceTextEntryValue-6] - How normal would it be if Brad did that thing?,Consider one of the things you believed Brad could do: [QID33-ChoiceTextEntryValue-7] - How good would it be for Brad to do that thing?,Consider one of the things you believed Brad could do: [QID33-ChoiceTextEntryValue-7] - How probable is it that Brad will do that thing?,Consider one of the things you believed Brad could do: [QID33-ChoiceTextEntryValue-7] - How morally acceptable would it be for Brad to do that thing?,Consider one of the things you believed Brad could do: [QID33-ChoiceTextEntryValue-7] - How normal would it be if Brad did that thing?,Consider one of the things you believed Brad could do: [QID33-ChoiceTextEntryValue-8] - How good would it be for Brad to do that thing?,Consider one of the things you believed Brad could do: [QID33-ChoiceTextEntryValue-8] - How probable is it that Brad will do that thing?,Consider one of the things you believed Brad could do: [QID33-ChoiceTextEntryValue-8] - How morally acceptable would it be for Brad to do that thing?,Consider one of the things you believed Brad could do: [QID33-ChoiceTextEntryValue-8] - How normal would it be if Brad did that thing?,"Liz decides to go to the gym on her lunch break because she is going to have to work late tonight and won't have time during the evening. When she gets to the gym, she realizes that her membership has expired since she last went.

In this situation, what are some things you believe Liz could do? Please list 8 - 1","Liz decides to go to the gym on her lunch break because she is going to have to work late tonight and won't have time during the evening. When she gets to the gym, she realizes that her membership has expired since she last went.

In this situation, what are some things you believe Liz could do? Please list 8 - 2","Liz decides to go to the gym on her lunch break because she is going to have to work late tonight and won't have time during the evening. When she gets to the gym, she realizes that her membership has expired since she last went.

In this situation, what are some things you believe Liz could do? Please list 8 - 3","Liz decides to go to the gym on her lunch break because she is going to have to work late tonight and won't have time during the evening. When she gets to the gym, she realizes that her membership has expired since she last went.

In this situation, what are some things you believe Liz could do? Please list 8 - 4","Liz decides to go to the gym on her lunch break because she is going to have to work late tonight and won't have time during the evening. When she gets to the gym, she realizes that her membership has expired since she last went.

In this situation, what are some things you believe Liz could do? Please list 8 - 5","Liz decides to go to the gym on her lunch break because she is going to have to work late tonight and won't have time during the evening. When she gets to the gym, she realizes that her membership has expired since she last went.

In this situation, what are some things you believe Liz could do? Please list 8 - 6","Liz decides to go to the gym on her lunch break because she is going to have to work late tonight and won't have time during the evening. When she gets to the gym, she realizes that her membership has expired since she last went.

In this situation, what are some things you believe Liz could do? Please list 8 - 7","Liz decides to go to the gym on her lunch break because she is going to have to work late tonight and won't have time during the evening. When she gets to the gym, she realizes that her membership has expired since she last went.

In this situation, what are some things you believe Liz could do? Please list 8 - 8",Consider one of the things you believed Liz could do: [QID47-ChoiceTextEntryValue-1] - How good would it be for Liz to do that thing?,Consider one of the things you believed Liz could do: [QID47-ChoiceTextEntryValue-1] - How probable is it that Liz will do that thing?,Consider one of the things you believed Liz could do: [QID47-ChoiceTextEntryValue-1] - How morally acceptable would it be for Liz to do that thing?,Consider one of the things you believed Liz could do: [QID47-ChoiceTextEntryValue-1] - How normal would it be if Liz did that thing?,Consider one of the things you believed Liz could do: [QID47-ChoiceTextEntryValue-2] - How good would it be for Liz to do that thing?,Consider one of the things you believed Liz could do: [QID47-ChoiceTextEntryValue-2] - How probable is it that Liz will do that thing?,Consider one of the things you believed Liz could do: [QID47-ChoiceTextEntryValue-2] - How morally acceptable would it be for Liz to do that thing?,Consider one of the things you believed Liz could do: [QID47-ChoiceTextEntryValue-2] - How normal would it be if Liz did that thing?,Consider one of the things you believed Liz could do: [QID47-ChoiceTextEntryValue-3] - How good would it be for Liz to do that thing?,Consider one of the things you believed Liz could do: [QID47-ChoiceTextEntryValue-3] - How probable is it that Liz will do that thing?,Consider one of the things you believed Liz could do: [QID47-ChoiceTextEntryValue-3] - How morally acceptable would it be for Liz to do that thing?,Consider one of the things you believed Liz could do: [QID47-ChoiceTextEntryValue-3] - How normal would it be if Liz did that thing?,Consider one of the things you believed Liz could do: [QID47-ChoiceTextEntryValue-4] - How good would it be for Liz to do that thing?,Consider one of the things you believed Liz could do: [QID47-ChoiceTextEntryValue-4] - How probable is it that Liz will do that thing?,Consider one of the things you believed Liz could do: [QID47-ChoiceTextEntryValue-4] - How morally acceptable would it be for Liz to do that thing?,Consider one of the things you believed Liz could do: [QID47-ChoiceTextEntryValue-4] - How normal would it be if Liz did that thing?,Consider one of the things you believed Liz could do: [QID47-ChoiceTextEntryValue-5] - How good would it be for Liz to do that thing?,Consider one of the things you believed Liz could do: [QID47-ChoiceTextEntryValue-5] - How probable is it that Liz will do that thing?,Consider one of the things you believed Liz could do: [QID47-ChoiceTextEntryValue-5] - How morally acceptable would it be for Liz to do that thing?,Consider one of the things you believed Liz could do: [QID47-ChoiceTextEntryValue-5] - How normal would it be if Liz did that thing?,Consider one of the things you believed Liz could do: [QID47-ChoiceTextEntryValue-6] - How good would it be for Liz to do that thing?,Consider one of the things you believed Liz could do: [QID47-ChoiceTextEntryValue-6] - How probable is it that Liz will do that thing?,Consider one of the things you believed Liz could do: [QID47-ChoiceTextEntryValue-6] - How morally acceptable would it be for Liz to do that thing?,Consider one of the things you believed Liz could do: [QID47-ChoiceTextEntryValue-6] - How normal would it be if Liz did that thing?,Consider one of the things you believed Liz could do: [QID47-ChoiceTextEntryValue-7] - How good would it be for Liz to do that thing?,Consider one of the things you believed Liz could do: [QID47-ChoiceTextEntryValue-7] - How probable is it that Liz will do that thing?,Consider one of the things you believed Liz could do: [QID47-ChoiceTextEntryValue-7] - How morally acceptable would it be for Liz to do that thing?,Consider one of the things you believed Liz could do: [QID47-ChoiceTextEntryValue-7] - How normal would it be if Liz did that thing?,Consider one of the things you believed Liz could do: [QID47-ChoiceTextEntryValue-8] - How good would it be for Liz to do that thing?,Consider one of the things you believed Liz could do: [QID47-ChoiceTextEntryValue-8] - How probable is it that Liz will do that thing?,Consider one of the things you believed Liz could do: [QID47-ChoiceTextEntryValue-8] - How morally acceptable would it be for Liz to do that thing?,Consider one of the things you believed Liz could do: [QID47-ChoiceTextEntryValue-8] - How normal would it be if Liz did that thing?,"Sam takes his new neighbor out on a romantic date to a nice Italian restaurant. At the end of dinner, Sam goes to pay for the bill, but his credit card declines due to insufficient funds.

In this situation, what are some things you believe Sam could do? Please list 8 - 1","Sam takes his new neighbor out on a romantic date to a nice Italian restaurant. At the end of dinner, Sam goes to pay for the bill, but his credit card declines due to insufficient funds.

In this situation, what are some things you believe Sam could do? Please list 8 - 2","Sam takes his new neighbor out on a romantic date to a nice Italian restaurant. At the end of dinner, Sam goes to pay for the bill, but his credit card declines due to insufficient funds.

In this situation, what are some things you believe Sam could do? Please list 8 - 3","Sam takes his new neighbor out on a romantic date to a nice Italian restaurant. At the end of dinner, Sam goes to pay for the bill, but his credit card declines due to insufficient funds.

In this situation, what are some things you believe Sam could do? Please list 8 - 4","Sam takes his new neighbor out on a romantic date to a nice Italian restaurant. At the end of dinner, Sam goes to pay for the bill, but his credit card declines due to insufficient funds.

In this situation, what are some things you believe Sam could do? Please list 8 - 5","Sam takes his new neighbor out on a romantic date to a nice Italian restaurant. At the end of dinner, Sam goes to pay for the bill, but his credit card declines due to insufficient funds.

In this situation, what are some things you believe Sam could do? Please list 8 - 6","Sam takes his new neighbor out on a romantic date to a nice Italian restaurant. At the end of dinner, Sam goes to pay for the bill, but his credit card declines due to insufficient funds.

In this situation, what are some things you believe Sam could do? Please list 8 - 7","Sam takes his new neighbor out on a romantic date to a nice Italian restaurant. At the end of dinner, Sam goes to pay for the bill, but his credit card declines due to insufficient funds.

In this situation, what are some things you believe Sam could do? Please list 8 - 8",Consider one of the things you believed Sam could do: [QID54-ChoiceTextEntryValue-1] - How good would it be for Sam to do that thing?,Consider one of the things you believed Sam could do: [QID54-ChoiceTextEntryValue-1] - How probable is it that Sam will do that thing?,Consider one of the things you believed Sam could do: [QID54-ChoiceTextEntryValue-1] - How morally acceptable would it be for Sam to do that thing?,Consider one of the things you believed Sam could do: [QID54-ChoiceTextEntryValue-1] - How normal would it be if Sam did that thing?,Consider one of the things you believed Sam could do: [QID54-ChoiceTextEntryValue-2] - How good would it be for Sam to do that thing?,Consider one of the things you believed Sam could do: [QID54-ChoiceTextEntryValue-2] - How probable is it that Sam will do that thing?,Consider one of the things you believed Sam could do: [QID54-ChoiceTextEntryValue-2] - How morally acceptable would it be for Sam to do that thing?,Consider one of the things you believed Sam could do: [QID54-ChoiceTextEntryValue-2] - How normal would it be if Sam did that thing?,Consider one of the things you believed Sam could do: [QID54-ChoiceTextEntryValue-3] - How good would it be for Sam to do that thing?,Consider one of the things you believed Sam could do: [QID54-ChoiceTextEntryValue-3] - How probable is it that Sam will do that thing?,Consider one of the things you believed Sam could do: [QID54-ChoiceTextEntryValue-3] - How morally acceptable would it be for Sam to do that thing?,Consider one of the things you believed Sam could do: [QID54-ChoiceTextEntryValue-3] - How normal would it be if Sam did that thing?,Consider one of the things you believed Sam could do: [QID54-ChoiceTextEntryValue-4] - How good would it be for Sam to do that thing?,Consider one of the things you believed Sam could do: [QID54-ChoiceTextEntryValue-4] - How probable is it that Sam will do that thing?,Consider one of the things you believed Sam could do: [QID54-ChoiceTextEntryValue-4] - How morally acceptable would it be for Sam to do that thing?,Consider one of the things you believed Sam could do: [QID54-ChoiceTextEntryValue-4] - How normal would it be if Sam did that thing?,Consider one of the things you believed Sam could do: [QID54-ChoiceTextEntryValue-5] - How good would it be for Sam to do that thing?,Consider one of the things you believed Sam could do: [QID54-ChoiceTextEntryValue-5] - How probable is it that Sam will do that thing?,Consider one of the things you believed Sam could do: [QID54-ChoiceTextEntryValue-5] - How morally acceptable would it be for Sam to do that thing?,Consider one of the things you believed Sam could do: [QID54-ChoiceTextEntryValue-5] - How normal would it be if Sam did that thing?,Consider one of the things you believed Sam could do: [QID54-ChoiceTextEntryValue-6] - How good would it be for Sam to do that thing?,Consider one of the things you believed Sam could do: [QID54-ChoiceTextEntryValue-6] - How probable is it that Sam will do that thing?,Consider one of the things you believed Sam could do: [QID54-ChoiceTextEntryValue-6] - How morally acceptable would it be for Sam to do that thing?,Consider one of the things you believed Sam could do: [QID54-ChoiceTextEntryValue-6] - How normal would it be if Sam did that thing?,Consider one of the things you believed Sam could do: [QID54-ChoiceTextEntryValue-7] - How good would it be for Sam to do that thing?,Consider one of the things you believed Sam could do: [QID54-ChoiceTextEntryValue-7] - How probable is it that Sam will do that thing?,Consider one of the things you believed Sam could do: [QID54-ChoiceTextEntryValue-7] - How morally acceptable would it be for Sam to do that thing?,Consider one of the things you believed Sam could do: [QID54-ChoiceTextEntryValue-7] - How normal would it be if Sam did that thing?,Consider one of the things you believed Sam could do: [QID54-ChoiceTextEntryValue-8] - How good would it be for Sam to do that thing?,Consider one of the things you believed Sam could do: [QID54-ChoiceTextEntryValue-8] - How probable is it that Sam will do that thing?,Consider one of the things you believed Sam could do: [QID54-ChoiceTextEntryValue-8] - How morally acceptable would it be for Sam to do that thing?,Consider one of the things you believed Sam could do: [QID54-ChoiceTextEntryValue-8] - How normal would it be if Sam did that thing?,"Sara has been dealing with a break-up, and she forgot to study for her biology exam tomorrow. Biology is her worst subject, and it usually takes her weeks to study

In this situation, what are some things you believe Sara could do? Please list 8 - 1","Sara has been dealing with a break-up, and she forgot to study for her biology exam tomorrow. Biology is her worst subject, and it usually takes her weeks to study

In this situation, what are some things you believe Sara could do? Please list 8 - 2","Sara has been dealing with a break-up, and she forgot to study for her biology exam tomorrow. Biology is her worst subject, and it usually takes her weeks to study

In this situation, what are some things you believe Sara could do? Please list 8 - 3","Sara has been dealing with a break-up, and she forgot to study for her biology exam tomorrow. Biology is her worst subject, and it usually takes her weeks to study

In this situation, what are some things you believe Sara could do? Please list 8 - 4","Sara has been dealing with a break-up, and she forgot to study for her biology exam tomorrow. Biology is her worst subject, and it usually takes her weeks to study

In this situation, what are some things you believe Sara could do? Please list 8 - 5","Sara has been dealing with a break-up, and she forgot to study for her biology exam tomorrow. Biology is her worst subject, and it usually takes her weeks to study

In this situation, what are some things you believe Sara could do? Please list 8 - 6","Sara has been dealing with a break-up, and she forgot to study for her biology exam tomorrow. Biology is her worst subject, and it usually takes her weeks to study

In this situation, what are some things you believe Sara could do? Please list 8 - 7","Sara has been dealing with a break-up, and she forgot to study for her biology exam tomorrow. Biology is her worst subject, and it usually takes her weeks to study

In this situation, what are some things you believe Sara could do? Please list 8 - 8",Consider one of the things you believed Sara could do: [QID61-ChoiceTextEntryValue-1] - How good would it be for Sara to do that thing?,Consider one of the things you believed Sara could do: [QID61-ChoiceTextEntryValue-1] - How probable is it that Sara will do that thing?,Consider one of the things you believed Sara could do: [QID61-ChoiceTextEntryValue-1] - How morally acceptable would it be for Sara to do that thing?,Consider one of the things you believed Sara could do: [QID61-ChoiceTextEntryValue-1] - How normal would it be if Sara did that thing?,Consider one of the things you believed Sara could do: [QID61-ChoiceTextEntryValue-2] - How good would it be for Sara to do that thing?,Consider one of the things you believed Sara could do: [QID61-ChoiceTextEntryValue-2] - How probable is it that Sara will do that thing?,Consider one of the things you believed Sara could do: [QID61-ChoiceTextEntryValue-2] - How morally acceptable would it be for Sara to do that thing?,Consider one of the things you believed Sara could do: [QID61-ChoiceTextEntryValue-2] - How normal would it be if Sara did that thing?,Consider one of the things you believed Sara could do: [QID61-ChoiceTextEntryValue-3] - How good would it be for Sara to do that thing?,Consider one of the things you believed Sara could do: [QID61-ChoiceTextEntryValue-3] - How probable is it that Sara will do that thing?,Consider one of the things you believed Sara could do: [QID61-ChoiceTextEntryValue-3] - How morally acceptable would it be for Sara to do that thing?,Consider one of the things you believed Sara could do: [QID61-ChoiceTextEntryValue-3] - How normal would it be if Sara did that thing?,Consider one of the things you believed Sara could do: [QID61-ChoiceTextEntryValue-4] - How good would it be for Sara to do that thing?,Consider one of the things you believed Sara could do: [QID61-ChoiceTextEntryValue-4] - How probable is it that Sara will do that thing?,Consider one of the things you believed Sara could do: [QID61-ChoiceTextEntryValue-4] - How morally acceptable would it be for Sara to do that thing?,Consider one of the things you believed Sara could do: [QID61-ChoiceTextEntryValue-4] - How normal would it be if Sara did that thing?,Consider one of the things you believed Sara could do: [QID61-ChoiceTextEntryValue-5] - How good would it be for Sara to do that thing?,Consider one of the things you believed Sara could do: [QID61-ChoiceTextEntryValue-5] - How probable is it that Sara will do that thing?,Consider one of the things you believed Sara could do: [QID61-ChoiceTextEntryValue-5] - How morally acceptable would it be for Sara to do that thing?,Consider one of the things you believed Sara could do: [QID61-ChoiceTextEntryValue-5] - How normal would it be if Sara did that thing?,Consider one of the things you believed Sara could do: [QID61-ChoiceTextEntryValue-6] - How good would it be for Sara to do that thing?,Consider one of the things you believed Sara could do: [QID61-ChoiceTextEntryValue-6] - How probable is it that Sara will do that thing?,Consider one of the things you believed Sara could do: [QID61-ChoiceTextEntryValue-6] - How morally acceptable would it be for Sara to do that thing?,Consider one of the things you believed Sara could do: [QID61-ChoiceTextEntryValue-6] - How normal would it be if Sara did that thing?,Consider one of the things you believed Sara could do: [QID61-ChoiceTextEntryValue-7] - How good would it be for Sara to do that thing?,Consider one of the things you believed Sara could do: [QID61-ChoiceTextEntryValue-7] - How probable is it that Sara will do that thing?,Consider one of the things you believed Sara could do: [QID61-ChoiceTextEntryValue-7] - How morally acceptable would it be for Sara to do that thing?,Consider one of the things you believed Sara could do: [QID61-ChoiceTextEntryValue-7] - How normal would it be if Sara did that thing?,Consider one of the things you believed Sara could do: [QID61-ChoiceTextEntryValue-8] - How good would it be for Sara to do that thing?,Consider one of the things you believed Sara could do: [QID61-ChoiceTextEntryValue-8] - How probable is it that Sara will do that thing?,Consider one of the things you believed Sara could do: [QID61-ChoiceTextEntryValue-8] - How morally acceptable would it be for Sara to do that thing?,Consider one of the things you believed Sara could do: [QID61-ChoiceTextEntryValue-8] - How normal would it be if Sara did that thing?
"{""ImportId"":""startDate"",""timeZone"":""America/Denver""}","{""ImportId"":""endDate"",""timeZone"":""America/Denver""}","{""ImportId"":""status""}","{""ImportId"":""ipAddress""}","{""ImportId"":""progress""}","{""ImportId"":""duration""}","{""ImportId"":""finished""}","{""ImportId"":""recordedDate"",""timeZone"":""America/Denver""}","{""ImportId"":""_recordId""}","{""ImportId"":""recipientLastName""}","{""ImportId"":""recipientFirstName""}","{""ImportId"":""recipientEmail""}","{""ImportId"":""externalDataReference""}","{""ImportId"":""locationLatitude""}","{""ImportId"":""locationLongitude""}","{""ImportId"":""distributionChannel""}","{""ImportId"":""userLanguage""}","{""ImportId"":""QID84_TEXT""}","{""ImportId"":""QID1_1""}","{""ImportId"":""QID1_2""}","{""ImportId"":""QID1_3""}","{""ImportId"":""QID1_4""}","{""ImportId"":""QID1_5""}","{""ImportId"":""QID1_6""}","{""ImportId"":""QID1_7""}","{""ImportId"":""QID1_8""}","{""ImportId"":""QID6_1""}","{""ImportId"":""QID6_2""}","{""ImportId"":""QID6_3""}","{""ImportId"":""QID6_4""}","{""ImportId"":""QID7_1""}","{""ImportId"":""QID7_2""}","{""ImportId"":""QID7_3""}","{""ImportId"":""QID7_4""}","{""ImportId"":""QID8_1""}","{""ImportId"":""QID8_2""}","{""ImportId"":""QID8_3""}","{""ImportId"":""QID8_4""}","{""ImportId"":""QID9_1""}","{""ImportId"":""QID9_2""}","{""ImportId"":""QID9_3""}","{""ImportId"":""QID9_4""}","{""ImportId"":""QID10_1""}","{""ImportId"":""QID10_2""}","{""ImportId"":""QID10_3""}","{""ImportId"":""QID10_4""}","{""ImportId"":""QID17_1""}","{""ImportId"":""QID17_2""}","{""ImportId"":""QID17_3""}","{""ImportId"":""QID17_4""}","{""ImportId"":""QID68_1""}","{""ImportId"":""QID68_2""}","{""ImportId"":""QID68_3""}","{""ImportId"":""QID68_4""}","{""ImportId"":""QID69_1""}","{""ImportId"":""QID69_2""}","{""ImportId"":""QID69_3""}","{""ImportId"":""QID69_4""}","{""ImportId"":""QID11_1""}","{""ImportId"":""QID11_2""}","{""ImportId"":""QID11_3""}","{""ImportId"":""QID11_4""}","{""ImportId"":""QID11_5""}","{""ImportId"":""QID11_6""}","{""ImportId"":""QID11_7""}","{""ImportId"":""QID11_8""}","{""ImportId"":""QID12_1""}","{""ImportId"":""QID12_2""}","{""ImportId"":""QID12_3""}","{""ImportId"":""QID12_4""}","{""ImportId"":""QID13_1""}","{""ImportId"":""QID13_2""}","{""ImportId"":""QID13_3""}","{""ImportId"":""QID13_4""}","{""ImportId"":""QID14_1""}","{""ImportId"":""QID14_2""}","{""ImportId"":""QID14_3""}","{""ImportId"":""QID14_4""}","{""ImportId"":""QID15_1""}","{""ImportId"":""QID15_2""}","{""ImportId"":""QID15_3""}","{""ImportId"":""QID15_4""}","{""ImportId"":""QID16_1""}","{""ImportId"":""QID16_2""}","{""ImportId"":""QID16_3""}","{""ImportId"":""QID16_4""}","{""ImportId"":""QID18_1""}","{""ImportId"":""QID18_2""}","{""ImportId"":""QID18_3""}","{""ImportId"":""QID18_4""}","{""ImportId"":""QID70_1""}","{""ImportId"":""QID70_2""}","{""ImportId"":""QID70_3""}","{""ImportId"":""QID70_4""}","{""ImportId"":""QID71_1""}","{""ImportId"":""QID71_2""}","{""ImportId"":""QID71_3""}","{""ImportId"":""QID71_4""}","{""ImportId"":""QID19_1""}","{""ImportId"":""QID19_2""}","{""ImportId"":""QID19_3""}","{""ImportId"":""QID19_4""}","{""ImportId"":""QID19_5""}","{""ImportId"":""QID19_6""}","{""ImportId"":""QID19_7""}","{""ImportId"":""QID19_8""}","{""ImportId"":""QID20_1""}","{""ImportId"":""QID20_2""}","{""ImportId"":""QID20_3""}","{""ImportId"":""QID20_4""}","{""ImportId"":""QID21_1""}","{""ImportId"":""QID21_2""}","{""ImportId"":""QID21_3""}","{""ImportId"":""QID21_4""}","{""ImportId"":""QID22_1""}","{""ImportId"":""QID22_2""}","{""ImportId"":""QID22_3""}","{""ImportId"":""QID22_4""}","{""ImportId"":""QID23_1""}","{""ImportId"":""QID23_2""}","{""ImportId"":""QID23_3""}","{""ImportId"":""QID23_4""}","{""ImportId"":""QID24_1""}","{""ImportId"":""QID24_2""}","{""ImportId"":""QID24_3""}","{""ImportId"":""QID24_4""}","{""ImportId"":""QID25_1""}","{""ImportId"":""QID25_2""}","{""ImportId"":""QID25_3""}","{""ImportId"":""QID25_4""}","{""ImportId"":""QID72_1""}","{""ImportId"":""QID72_2""}","{""ImportId"":""QID72_3""}","{""ImportId"":""QID72_4""}","{""ImportId"":""QID73_1""}","{""ImportId"":""QID73_2""}","{""ImportId"":""QID73_3""}","{""ImportId"":""QID73_4""}","{""ImportId"":""QID26_1""}","{""ImportId"":""QID26_2""}","{""ImportId"":""QID26_3""}","{""ImportId"":""QID26_4""}","{""ImportId"":""QID26_5""}","{""ImportId"":""QID26_6""}","{""ImportId"":""QID26_7""}","{""ImportId"":""QID26_8""}","{""ImportId"":""QID27_1""}","{""ImportId"":""QID27_2""}","{""ImportId"":""QID27_3""}","{""ImportId"":""QID27_4""}","{""ImportId"":""QID28_1""}","{""ImportId"":""QID28_2""}","{""ImportId"":""QID28_3""}","{""ImportId"":""QID28_4""}","{""ImportId"":""QID29_1""}","{""ImportId"":""QID29_2""}","{""ImportId"":""QID29_3""}","{""ImportId"":""QID29_4""}","{""ImportId"":""QID30_1""}","{""ImportId"":""QID30_2""}","{""ImportId"":""QID30_3""}","{""ImportId"":""QID30_4""}","{""ImportId"":""QID31_1""}","{""ImportId"":""QID31_2""}","{""ImportId"":""QID31_3""}","{""ImportId"":""QID31_4""}","{""ImportId"":""QID32_1""}","{""ImportId"":""QID32_2""}","{""ImportId"":""QID32_3""}","{""ImportId"":""QID32_4""}","{""ImportId"":""QID74_1""}","{""ImportId"":""QID74_2""}","{""ImportId"":""QID74_3""}","{""ImportId"":""QID74_4""}","{""ImportId"":""QID75_1""}","{""ImportId"":""QID75_2""}","{""ImportId"":""QID75_3""}","{""ImportId"":""QID75_4""}","{""ImportId"":""QID33_1""}","{""ImportId"":""QID33_2""}","{""ImportId"":""QID33_3""}","{""ImportId"":""QID33_4""}","{""ImportId"":""QID33_5""}","{""ImportId"":""QID33_6""}","{""ImportId"":""QID33_7""}","{""ImportId"":""QID33_8""}","{""ImportId"":""QID34_1""}","{""ImportId"":""QID34_2""}","{""ImportId"":""QID34_3""}","{""ImportId"":""QID34_4""}","{""ImportId"":""QID35_1""}","{""ImportId"":""QID35_2""}","{""ImportId"":""QID35_3""}","{""ImportId"":""QID35_4""}","{""ImportId"":""QID36_1""}","{""ImportId"":""QID36_2""}","{""ImportId"":""QID36_3""}","{""ImportId"":""QID36_4""}","{""ImportId"":""QID37_1""}","{""ImportId"":""QID37_2""}","{""ImportId"":""QID37_3""}","{""ImportId"":""QID37_4""}","{""ImportId"":""QID38_1""}","{""ImportId"":""QID38_2""}","{""ImportId"":""QID38_3""}","{""ImportId"":""QID38_4""}","{""ImportId"":""QID39_1""}","{""ImportId"":""QID39_2""}","{""ImportId"":""QID39_3""}","{""ImportId"":""QID39_4""}","{""ImportId"":""QID76_1""}","{""ImportId"":""QID76_2""}","{""ImportId"":""QID76_3""}","{""ImportId"":""QID76_4""}","{""ImportId"":""QID77_1""}","{""ImportId"":""QID77_2""}","{""ImportId"":""QID77_3""}","{""ImportId"":""QID77_4""}","{""ImportId"":""QID47_1""}","{""ImportId"":""QID47_2""}","{""ImportId"":""QID47_3""}","{""ImportId"":""QID47_4""}","{""ImportId"":""QID47_5""}","{""ImportId"":""QID47_6""}","{""ImportId"":""QID47_7""}","{""ImportId"":""QID47_8""}","{""ImportId"":""QID48_1""}","{""ImportId"":""QID48_2""}","{""ImportId"":""QID48_3""}","{""ImportId"":""QID48_4""}","{""ImportId"":""QID49_1""}","{""ImportId"":""QID49_2""}","{""ImportId"":""QID49_3""}","{""ImportId"":""QID49_4""}","{""ImportId"":""QID50_1""}","{""ImportId"":""QID50_2""}","{""ImportId"":""QID50_3""}","{""ImportId"":""QID50_4""}","{""ImportId"":""QID51_1""}","{""ImportId"":""QID51_2""}","{""ImportId"":""QID51_3""}","{""ImportId"":""QID51_4""}","{""ImportId"":""QID52_1""}","{""ImportId"":""QID52_2""}","{""ImportId"":""QID52_3""}","{""ImportId"":""QID52_4""}","{""ImportId"":""QID53_1""}","{""ImportId"":""QID53_2""}","{""ImportId"":""QID53_3""}","{""ImportId"":""QID53_4""}","{""ImportId"":""QID78_1""}","{""ImportId"":""QID78_2""}","{""ImportId"":""QID78_3""}","{""ImportId"":""QID78_4""}","{""ImportId"":""QID79_1""}","{""ImportId"":""QID79_2""}","{""ImportId"":""QID79_3""}","{""ImportId"":""QID79_4""}","{""ImportId"":""QID54_1""}","{""ImportId"":""QID54_2""}","{""ImportId"":""QID54_3""}","{""ImportId"":""QID54_4""}","{""ImportId"":""QID54_5""}","{""ImportId"":""QID54_6""}","{""ImportId"":""QID54_7""}","{""ImportId"":""QID54_8""}","{""ImportId"":""QID55_1""}","{""ImportId"":""QID55_2""}","{""ImportId"":""QID55_3""}","{""ImportId"":""QID55_4""}","{""ImportId"":""QID56_1""}","{""ImportId"":""QID56_2""}","{""ImportId"":""QID56_3""}","{""ImportId"":""QID56_4""}","{""ImportId"":""QID57_1""}","{""ImportId"":""QID57_2""}","{""ImportId"":""QID57_3""}","{""ImportId"":""QID57_4""}","{""ImportId"":""QID58_1""}","{""ImportId"":""QID58_2""}","{""ImportId"":""QID58_3""}","{""ImportId"":""QID58_4""}","{""ImportId"":""QID59_1""}","{""ImportId"":""QID59_2""}","{""ImportId"":""QID59_3""}","{""ImportId"":""QID59_4""}","{""ImportId"":""QID60_1""}","{""ImportId"":""QID60_2""}","{""ImportId"":""QID60_3""}","{""ImportId"":""QID60_4""}","{""ImportId"":""QID80_1""}","{""ImportId"":""QID80_2""}","{""ImportId"":""QID80_3""}","{""ImportId"":""QID80_4""}","{""ImportId"":""QID81_1""}","{""ImportId"":""QID81_2""}","{""ImportId"":""QID81_3""}","{""ImportId"":""QID81_4""}","{""ImportId"":""QID61_1""}","{""ImportId"":""QID61_2""}","{""ImportId"":""QID61_3""}","{""ImportId"":""QID61_4""}","{""ImportId"":""QID61_5""}","{""ImportId"":""QID61_6""}","{""ImportId"":""QID61_7""}","{""ImportId"":""QID61_8""}","{""ImportId"":""QID62_1""}","{""ImportId"":""QID62_2""}","{""ImportId"":""QID62_3""}","{""ImportId"":""QID62_4""}","{""ImportId"":""QID63_1""}","{""ImportId"":""QID63_2""}","{""ImportId"":""QID63_3""}","{""ImportId"":""QID63_4""}","{""ImportId"":""QID64_1""}","{""ImportId"":""QID64_2""}","{""ImportId"":""QID64_3""}","{""ImportId"":""QID64_4""}","{""ImportId"":""QID65_1""}","{""ImportId"":""QID65_2""}","{""ImportId"":""QID65_3""}","{""ImportId"":""QID65_4""}","{""ImportId"":""QID66_1""}","{""ImportId"":""QID66_2""}","{""ImportId"":""QID66_3""}","{""ImportId"":""QID66_4""}","{""ImportId"":""QID67_1""}","{""ImportId"":""QID67_2""}","{""ImportId"":""QID67_3""}","{""ImportId"":""QID67_4""}","{""ImportId"":""QID82_1""}","{""ImportId"":""QID82_2""}","{""ImportId"":""QID82_3""}","{""ImportId"":""QID82_4""}","{""ImportId"":""QID83_1""}","{""ImportId"":""QID83_2""}","{""ImportId"":""QID83_3""}","{""ImportId"":""QID83_4""}"
2024-07-24 09:32:09,2024-07-24 09:46:42,IP Address,107.115.147.41,100,872,True,2024-07-24 09:46:42,R_2Iug2yzcBwtwmtz,,,,,30.3228,-95.5298,anonymous,EN,6574af22de574dcc620a9b60,,,,,,,,,,,,,,,,,,,,,,,,,,,,,,,,,,,,,,,,,Uber,Taxi,Lyft,Friend,Mom,Dad,GF,"Hitchhike ",100,90,100,100,75,75,100,80,80,80,100,100,100,70,80,100,70,70,100,100,85,90,100,100,85,92,100,100,20,2,50,15,,,,,,,,,,,,,,,,,,,,,,,,,,,,,,,,,,,,,,,,,Call Mom,Explain Situation,Try and turn in at a later date,Do nothing,Turn in nothing,Talk to teacher,Find a ride home,Find a way to get the paper,100,100,100,100,100,100,100,100,65,70,76,100,0,50,30,50,0,65,3,10,100,100,100,100,72,78,66,85,100,100,100,100,,,,,,,,,,,,,,,,,,,,,,,,,,,,,,,,,,,,,,,,,Workout without membership,Renew membership,Cancel workout,Workout outside,Go running,Calisthenics,Find outside equiptment,Workout alternative,50,70,30,30,100,100,100,100,0,65,100,100,100,60,100,100,100,50,100,100,100,70,100,100,60,50,100,75,100,50,100,100,Explain to his Date,Dash and Dine,Run away crying,Make up an excuse,Lie about being robbed,Make the date pay,Sit there with no emotion,"Start laughing ",100,90,100,100,10,50,0,2,0,0,0,1,64,92,62,78,50,50,10,25,0,3,5,1,0,5,6,2,0,1,2,1,,,,,,,,,,,,,,,,,,,,,,,,,,,,,,,,,,,,,,,,
2024-07-24 09:40:56,2024-07-24 10:03:39,IP Address,104.60.169.79,100,1363,True,2024-07-24 10:03:39,R_3w3J1vHMNsE7pxD,,,,,34.0414,-84.5053,anonymous,EN,63e691a2fd3a3389c644c4c7,Ask family for the money,Ask friends for the money,Ask colleagues,Take a loan,Start a fundraiser,Ask for billing assistance,Take aloan,Vote democrat next election,100,100,100,87,100,84,83,89,66,64,50,28,88,77,78,76,80,77,61,93,100,100,100,91,84,78,77,74,100,80,100,88,,,,,,,,,,,,,,,,,,,,,,,,,,,,,,,,,,,,,,,,,Check the tills again,Try to find out what is missing exactly,Alert his manager to the problem,"Follow protocols ",Keep relevant information for accountability,Close up as normal,Immediately check in the next day with management,Ask the other employees if they remember anything unusual from the previous day,100,100,100,100,100,100,100,100,100,89,100,90,100,96,100,89,100,95,100,92,100,100,100,100,100,100,100,100,100,100,100,100,,,,,,,,,,,,,,,,,,,,,,,,,,,,,,,,,,,,,,,,,,,,,,,,,,,,,,,,,,,,,,,,,,,,,,,,,,,,,,,,,,,,,,,,,,,,,,,,,,,,,,,,,,,,,,,,,,,,,,,,,Apologise,Explain the situation,Promise to make amends,Repay the neighbor the next day,Ask the neighbor how he can make it up to them,Be sincere in his efforts to rectify the situation,Find out why it declined and fix it,Be prepared next time,100,100,100,100,100,100,100,100,100,95,100,76,100,95,100,86,100,72,100,52,100,94,100,81,100,100,100,100,100,90,100,100,Take the test,Cram and hope for the best,Ask for an extension,Ask for a retake,Let this be a lesson in priorities,Accept this setback,Remember how this felt,"Focus on her emotional healing ",80,100,84,95,100,100,100,100,70,60,73,60,79,68,78,64,100,15,94,41,100,15,74,32,100,83,80,71,100,9,91,50
2024-07-24 09:43:08,2024-07-24 10:04:21,IP Address,69.112.112.42,100,1273,True,2024-07-24 10:04:22,R_31MiXwLMmut85rk,,,,,41.2045,-73.1988,anonymous,EN,62e5a1374e9ae5284b4625b4,Ask if they could get a small amount until they find a solution,Switch insurance,Ask friends for money,Ask family for money,Ask for an advance pay,Find programs that may assist,Steal the money,Steal the medicine,100,50,100,100,100,25,100,100,100,75,100,100,100,75,100,100,100,75,100,100,100,75,100,100,0,10,0,25,100,10,50,50,,,,,,,,,,,,,,,,,,,,,,,,,,,,,,,,,,,,,,,,,,,,,,,,,,,,,,,,,,,,,,,,,,,,,,,,,,,,,,,,,Do nothing,Ask if she can turn it in tomorrow,Say she does not have it but will turn it in tomorrow,Call her mom and ask if she can drop it off,"Steal someone else's ",Ask her mom to bring it with her when picking up Mary and Mary can hand it in,Ditch class,Fake sickness and leave class early before she has to turn it in,0,75,100,100,100,90,100,100,100,80,100,100,100,25,100,100,0,5,0,0,100,50,100,100,0,5,100,50,0,10,100,50,,,,,,,,,,,,,,,,,,,,,,,,,,,,,,,,,,,,,,,,,Renew her membership,Walk in and say if she can still enter,Walk in and say she will renew later,Leave the gym,Go eat lunch,Skip the day,Workout at home,See if someone is willing to help her in as a guest,100,100,100,100,100,25,100,100,100,25,100,100,100,10,100,100,100,5,100,100,0,10,100,100,100,25,100,100,100,10,100,100,,,,,,,,,,,,,,,,,,,,,,,,,,,,,,,,,,,,,,,,,Skip the test,Fake a reason for why she cannot make it and get an extension,Cram as much as possible,Cheat,Take the test,Study what she can,Sleep in,Ask for help with studying,0,0,100,10,0,0,100,0,100,100,100,100,0,0,0,0,100,100,100,100,100,100,100,100,100,0,100,100,100,80,100,100
2024-07-24 09:37:28,2024-07-24 10:10:59,IP Address,212.32.97.114,100,2011,True,2024-07-24 10:11:00,R_3z6LVs9ouCC0zuH,,,,,34.0125,-118.4885,anonymous,EN,60dc4e2299f89a7ca94b2c91,,,,,,,,,,,,,,,,,,,,,,,,,,,,,,,,,,,,,,,,,Call a Tow Truck: Contact a towing service to get his car moved off the highway and request a ride to the nearest transportation hub.,Use a Rideshare App: Use a rideshare app like Uber or Lyft to request a ride directly to the airport.,Call a Taxi Service: Contact a local taxi service to pick him up from his location and take him to the airport.,Contact a Friend or Family Member: Call a friend or family member who might be available to pick him up and take him to the airport.,Check Public Transportation Options: Look up the nearest bus or train routes that could get him to the airport.,"Flag Down a Passing Vehicle: If safe to do so, try to flag down a passing vehicle for assistance or a ride to the airport.",Walk to a Nearby Business: Walk to a nearby business or gas station to seek help or use their phone to arrange transportation.,Contact the Airline: Call the airline to explain the situation and see if there are any options for rescheduling or getting on a later flight if he misses the current one.,100,100,100,100,100,100,100,100,100,100,100,100,100,100,100,100,100,100,100,100,90,90,95,95,100,100,100,100,100,100,100,100,"Double-Check Transactions: Review all transactions of the day to ensure there were no errors in recording sales, discounts, or returns.",Count the Cash Again: Recount the cash in the register to ensure there was no mistake in the initial count.,Check for Misplaced Money: Look around the register area to see if any money has fallen or been misplaced.,"Review Security Footage: If available, check the security camera footage to identify any suspicious activities or errors.",Ask Employees: Talk to other employees who worked that day to see if they noticed anything unusual or if they can help account for the discrepancy.,Check Receipts and Records: Verify that all receipts match the recorded sales and that no receipts are missing.,Examine Recent Sales Promotions: Review any recent sales promotions or discounts that could have led to an incorrect calculation or missing amount.,"Report the Issue: If the discrepancy cannot be resolved, report the issue to the bakery owner or higher management immediately and document all efforts made to find the missing money.",100,100,100,100,100,100,100,100,100,100,100,100,100,100,100,100,100,100,100,100,100,100,100,100,100,100,100,100,100,100,100,100,,,,,,,,,,,,,,,,,,,,,,,,,,,,,,,,,,,,,,,,,Stay Calm: Keep everyone calm to make rational decisions and avoid panic.,"Stay Put: Remain in one place to make it easier for rescuers to find them, unless they are in immediate danger.","Signal for Help: Use available materials to create visible signals, such as SOS signs with rocks, reflective materials, or a smoky fire.",Ration Food and Water: Carefully ration their remaining food and water to last as long as possible.,"Find Water: Locate a water source, such as a stream or river, and purify the water using tablets, boiling, or a filtration device if available.",Build a Shelter: Construct a shelter using natural materials to protect themselves from the cold and weather.,"Keep Warm: Build a fire for warmth, signaling, and protection against wild animals. Ensure proper ventilation to avoid carbon monoxide poisoning.","Use Emergency Gear: Utilize any emergency gear they have, such as a compass, map, GPS device, or emergency beacon, to help signal for help or navigate to a safer location.",100,100,100,100,100,100,100,100,100,100,100,100,100,100,100,100,100,100,100,100,100,100,100,100,100,100,100,100,100,100,100,100,,,,,,,,,,,,,,,,,,,,,,,,,,,,,,,,,,,,,,,,,"Use a Different Payment Method: If Sam has another credit card, debit card, or cash, he can use it to pay the bill.","Check Mobile Banking: Use a mobile banking app to transfer funds to the account linked to the declined credit card, if possible.",Call the Bank: Contact his bank to explain the situation and see if they can temporarily increase his credit limit or resolve the issue with the card.,Ask the Restaurant for Assistance: Speak to the restaurant manager to explain the situation and see if they can hold his ID while he arranges payment or returns with cash.,Ask the Neighbor for Help: Politely ask his date if they can cover the bill and assure them that he will repay them as soon as possible.,"Use a Payment App: If both Sam and the restaurant accept mobile payment apps (like PayPal, Venmo, or Apple Pay), he can use those to pay.","Visit an ATM: If there's an ATM nearby, he can withdraw cash to pay the bill.",Offer Collateral: Offer to leave something of value (like a watch or phone) with the restaurant as collateral until he can return with payment.,100,100,100,100,100,100,100,100,100,100,100,100,100,100,90,90,100,100,100,100,100,100,100,100,100,100,100,100,90,95,90,90,,,,,,,,,,,,,,,,,,,,,,,,,,,,,,,,,,,,,,,,
2024-07-24 09:37:35,2024-07-24 10:13:08,IP Address,35.144.16.134,100,2132,True,2024-07-24 10:13:09,R_2nOA2BfNDdDVm81,,,,,38.8238,-90.7432,anonymous,EN,610caddd4cac0d49d4261368,Ask their doctor to contact their insurance company and plead her case; try to get them to approve the medicine,See if there are any off-brand versions of the medicine they could have covered instead,"Start offering to provide services to friends/family/neighbors to work to raise the money for her; cleaning houses, mowing lawns, walking pets, etc.",Start a Gofundme and share on social media to see if people will donate,Go to a local church and see if any of the members would be willing to help them out,"If not working, begin a job or if already working, try and get a second or third job ",Sell some their personal items to raise the money,Make continuous trips to the emergency room where she cannot be denied the care she needs once it becomes life threatening,90,71,100,100,100,91,100,100,80,25,100,75,65,60,72,85,65,35,71,45,25,10,100,100,40,65,90,84,5,5,0,15,,,,,,,,,,,,,,,,,,,,,,,,,,,,,,,,,,,,,,,,,Put his own money into the register,Call the employees and see if someone will honestly admit to taking it or screwing up,Watch camera footage from the entire day to try and spot when the error was made,Call his boss and explain the situation to see if there's another solution,Leave work and deal with it tomorrow,Lie and say the register is balance and hope for the best,Check under the register & the surrounding areas to see if the money was misplaced,Ask his boss to just take the money out of his next check to make things right,22,55,77,5,90,61,92,81,25,5,65,0,100,71,90,80,0,40,20,0,0,10,0,0,100,100,100,100,30,25,62,44,,,,,,,,,,,,,,,,,,,,,,,,,,,,,,,,,,,,,,,,,Have him and his friends scream as loudly as they can to try and signal help,Separate from his friends and everyone goes in a different direction to try and find help,Continue moving forward with his entire group hoping they can find a way out,Stay still where they are and hope help will arrive in time,Find some kind of water source and instead stay there and hope help will come but be able to have something to drink,Try using his phone to dial 911 as he walks through different parts of the mountain hoping cell service will eventually work,Make his friends stay put while he journeys away himself to try and find help,Have himself stay put and send his friends out to find help,88,95,100,30,5,1,55,38,60,70,86,79,0,5,63,71,86,60,85,55,100,90,100,84,4,1,45,39,3,0,10,3,,,,,,,,,,,,,,,,,,,,,,,,,,,,,,,,,,,,,,,,,,,,,,,,,,,,,,,,,,,,,,,,,,,,,,,,,,,,,,,,,Try and study as much as she can the night before,Pretend she is sick or something came up so that she misses the class and has to retest,Write some answers/studying points down on herself or objects to cheat on the test,Cheat off of someone else in class for the test,Sit down with her teacher and explain what's going on with her to see if her teacher may be willing to help her test at a later time,Drop the class and give up for this year; try again the next year,Talk to a close friend or someone she knows well that is good at biology and see what they think are the best pointers for her to study and take to class the next day,Start some sort of huge commotion in the middle of the class like pulling a fire alarm that disrupts everyone so that the teacher will be forced to change the test date to another day for everyone,100,90,100,100,39,85,40,90,20,71,0,88,10,55,0,90,95,64,100,70,0,10,45,55,100,35,100,30,0,5,0,2
2024-07-24 10:02:41,2024-07-24 10:13:50,IP Address,24.218.54.194,100,668,True,2024-07-24 10:13:50,R_5DoJpwloeGmy3QF,,,,,41.5022,-72.9756,anonymous,EN,62e027478bb6dca099c2e207,Hold a fundraiser,put up a go fund me,ask friends,ask family,ask the community,write to politicians,write to drug companies,write to influencers,100,100,100,100,100,100,90,100,100,100,100,98,100,100,100,100,100,100,100,100,100,75,100,100,100,50,100,100,100,60,100,100,Call an uber,"call a taxi ",call a friend,call family,hitchhike,run,take a bus,take a train,100,100,100,100,80,80,100,100,100,97,100,100,100,100,100,100,50,30,50,35,50,15,40,20,50,30,100,52,50,50,100,50,,,,,,,,,,,,,,,,,,,,,,,,,,,,,,,,,,,,,,,,,,,,,,,,,,,,,,,,,,,,,,,,,,,,,,,,,,,,,,,,,,,,,,,,,,,,,,,,,,,,,,,,,,,,,,,,,,,,,,,,,Renew her membership right now,Take a long walk during her break,Go to lunch,Ask for a 1 day pass to the gym,Call a friend,Go back to work,Go to the park,Do yoga in the park,100,100,100,100,100,90,100,100,100,89,100,100,94,69,95,97,100,61,100,100,50,40,100,35,100,60,100,100,100,50,100,50,Pay with cash,use a different card,"wash dishes ",ask my date to pay,call the credit card company,go back to my apt and get cash,take money out at an atm,Borrow money,100,100,100,100,100,100,100,100,36,23,66,22,70,61,62,59,100,89,100,100,68,49,100,50,100,60,100,100,50,30,50,40,,,,,,,,,,,,,,,,,,,,,,,,,,,,,,,,,,,,,,,,
2024-07-24 09:36:58,2024-07-24 10:15:53,IP Address,81.161.7.183,100,2335,True,2024-07-24 10:15:54,R_6WgrZMCyDtbw7jb,,,,,40.7662,-74.0178,anonymous,EN,63fb7bd7941b345c37a9c54e,,,,,,,,,,,,,,,,,,,,,,,,,,,,,,,,,,,,,,,,,Josh could call a ride share service to come pick him up,She could call or stop a taxi to continue his journey,He could ask for help from the other drivers on the highway,He could call for his car to be towed,"Josh could ask a relative to come pick up ",Josh could ask a friend to take his car to the mechanic whiles he continue his journey to the airport in another car,see if he can reschedule his flight a the airport,Wait for help from someone to repair his car since he has a lot of time,95,99,83,94,98,99,99,93,91,99,93,100,97,91,100,99,100,94,98,94,92,100,96,100,100,97,100,98,78,94,79,99,,,,,,,,,,,,,,,,,,,,,,,,,,,,,,,,,,,,,,,,,Mary could call her Mom to bring her homework assignment to school,She could call her mom for the teacher to prove that it wasn't her fault,She could quickly do a new one to turn in for the credit,She could ask for permission to go get the assignment at home,She could try explaining the situation to the teacher to see if she will get an extension,She could ask some of her friends to help redo the assignment quickly,Mary could try to get her mom to explain the situation to the teacher,Politely request that the teacher let her do another homework to make up for this mistake.,100,100,95,100,95,97,93,100,28,8,21,27,95,88,100,92,100,97,99,100,0,12,7,16,100,94,95,100,81,68,86,78,They could spread out to cover more grounds,they could leave marks on their way to identify places they have been,they could build a shelter to stay warm,They could use less of their food to make it last longer,They could start a fire to send signals for help,They could make noises on their way to make it easy for them to be heard and seen.,Search for water resources,Pay attention to sounds nearby,100,91,100,92,95,97,89,97,83,97,92,99,98,99,100,95,100,97,100,98,90,80,90,85,100,100,100,97,87,99,99,93,Liz could try renewing the subscription on her smartphone,She could reschedule her workout,She could check if they will allow her to renew her subscription at the gym center,Liz can ask around if they will allow her to pay for that one time and later renew her subscription,She could go home and try watching some workout videos online,Liz could do some running exercise as well,She could ask a friend or relative to help with the subscription renewal,She could always go home without working out for the day,97,100,94,100,88,80,100,94,100,100,97,100,82,96,96,90,100,84,86,98,92,96,98,91,100,96,99,97,27,40,74,67,,,,,,,,,,,,,,,,,,,,,,,,,,,,,,,,,,,,,,,,,,,,,,,,,,,,,,,,,,,,,,,,,,,,,,,,,,,,,,,,
2024-07-24 09:42:02,2024-07-24 10:19:53,IP Address,74.137.127.37,100,2270,True,2024-07-24 10:19:53,R_5jCdHZnbIQGLqPw,,,,,39.9758,-83.12,anonymous,EN,5c01d3c509e9c70001500b10,,,,,,,,,,,,,,,,,,,,,,,,,,,,,,,,,,,,,,,,,,,,,,,,,,,,,,,,,,,,,,,,,,,,,,,,,,,,,,,,,,,,,,,,,,,,,,,,,,,,,,,,,,,,,,,,,,,,,,,,,Ask if her mom could bring her homework to school,explain the situation and ask teacher if she could turn in the homework next day,email a copy of homework to teacher,ask for extra credit opportunities,"redo the workhome ",ask for additional assignment,ask if she could submit a photo copy of the homework from home,stay after school to complete it,100,100,91,92,98,100,50,93,99,78,97,100,88,100,41,64,70,58,96,66,79,73,50,68,89,92,97,97,67,57,57,59,find or create shelter to protect against cold,gather leaves for insulation,start a fire for warmth,signal for help using bright clothing,stay close togther to conserve body heat,stay still and minimize movement,"use clothing to cover and protect ",consume food and water carefully,100,100,100,100,100,100,100,100,100,100,34,84,100,100,100,100,100,100,100,100,80,92,100,50,100,100,100,100,95,69,93,74,renew membership immediately,ask the gym if she could purchase one day pass,take a walk in the parking lot instead,go to lunch instead,"go shopping ",spend lunch break reading,spend lunch break catch up with friends,find gym that offer free trials that she could use that day,100,100,100,100,65,41,100,41,63,10,100,25,87,82,100,86,50,34,80,71,96,50,100,100,87,65,100,100,89,50,100,60,pay with debit card,call the bank if there is an error," go to ATM and get some cash",Ask friend if they can zelle him some money,Ask parents if they can zelle him money,Ask cousins if they can zelle him money,ask his date if they can pay the bill and repay them,use a different credit card,100,100,100,100,100,100,100,100,94,74,100,69,44,78,51,79,42,56,49,59,46,73,66,73,34,42,50,30,69,96,100,100,,,,,,,,,,,,,,,,,,,,,,,,,,,,,,,,,,,,,,,,
2024-07-24 09:43:17,2024-07-24 10:43:56,IP Address,24.210.40.5,100,3639,True,2024-07-24 10:43:57,R_7hzz0tHHqfH1ZIJ,,,,,40.0035,-82.6726,anonymous,EN,5b9530390f85f600015705bf,,,,,,,,,,,,,,,,,,,,,,,,,,,,,,,,,,,,,,,,,,,,,,,,,,,,,,,,,,,,,,,,,,,,,,,,,,,,,,,,,pay money out of his pocket,report the money and state you don't know what happened to it,overcharge the next customer for that amount,steal the money from a fellow employee,rob a customer for the money,steal all the money and go out with a bang,borrow the money from a friend and how them bring it,get a quick small loan to pay for it,50,51,80,70,100,90,100,100,0,3,0,0,0,3,0,0,0,2,0,0,0,1,0,0,50,50,74,10,50,10,50,0,ask her mom to bring it to the school,skip classes to finish the work,steal somone else's work,copy a friends work,pay someone to let you copy their work,skip school,explain to teacher what happened,turn in something else and act like you accidentally turned in wrong paper.,100,100,100,100,65,50,50,64,0,5,0,4,50,85,50,76,50,10,36,7,50,50,80,66,100,100,100,100,9,2,11,0,find a cave,kill himself so his friends have a better chance,"kill a friend, or all of them so he can keep the resorces for himself.",go hunting,collect water at night from dew and condensation,keep hiking and hope you find your way back,stay where they are and hope someone finds them,sleep until they are found,83,14,100,100,0,1,50,0,0,1,0,0,96,87,100,100,100,60,100,65,70,82,87,100,66,82,83,94,11,4,50,2,,,,,,,,,,,,,,,,,,,,,,,,,,,,,,,,,,,,,,,,,,,,,,,,,,,,,,,,,,,,,,,,,,,,,,,,,,,,,,,,,study as much as possible now and accept the grade she gets,cheat by writing answers on hand or bringing note cards.,play sick on exam day,skip the exam,fake an illness in the middle of the exam,as a friend to diguise themselves as her and take it.,threatened the smartest person in the class in order to make them give you the answers.,take the test and just deal with results without studying.,50,95,100,100,0,20,0,0,50,50,35,35,0,20,50,35,0,5,5,0,0,2,0,0,0,1,0,0,100,100,100,100
2024-07-24 10:15:10,2024-07-24 11:02:07,IP Address,68.237.13.150,100,2816,True,2024-07-24 11:02:07,R_8WYBpXC98esGWXZ,,,,,40.9039,-73.837,anonymous,EN,5aa806e7777df200016088c5,,,,,,,,,,,,,,,,,,,,,,,,,,,,,,,,,,,,,,,,,,,,,,,,,,,,,,,,,,,,,,,,,,,,,,,,,,,,,,,,,review security footage,ask employees,recount the money,recount customer transactions,look for misplaced cash,check for math errors,cover the loss himself,check the safe,73,25,100,51,100,100,100,100,100,100,100,100,74,40,100,42,100,100,100,100,77,68,100,80,13,59,28,12,100,100,100,100,explain the situation to the teacher,call her mom for help,show proof of mistake,ask for an extension,email the homework if possible,ask for a makeup assignment,submit it late,complete it at school,100,100,100,100,23,76,25,85,100,27,100,79,100,100,30,100,100,100,25,79,100,64,14,15,0,50,6,84,100,0,0,0,,,,,,,,,,,,,,,,,,,,,,,,,,,,,,,,,,,,,,,,,renew the membership,pay for a day pass,ask for a guest pass,use a friend's membership,check for gym specials,contact customer service,check for membership extensions,ask for a discount,100,100,100,100,100,72,100,77,32,39,12,5,20,31,10,6,100,100,100,100,35,25,37,78,100,100,66,57,100,100,100,100,use another card,pay with cash,call the bank,contact a friend for help,use a mobile payment app,borrow from his date,ask to split the bill,apologize and promise repayment,100,100,100,100,100,100,100,100,100,100,100,100,26,83,13,33,100,100,100,100,0,24,0,0,56,67,0,50,0,0,0,0,,,,,,,,,,,,,,,,,,,,,,,,,,,,,,,,,,,,,,,,
2024-07-24 09:42:03,2024-07-24 10:01:26,IP Address,35.150.220.38,63,1162,False,2024-07-31 10:01:31,R_7frRbBTYWRzMd0l,,,,,,,anonymous,EN,57d88513995a0b0001635002,,,,,,,,,,,,,,,,,,,,,,,,,,,,,,,,,,,,,,,,,,,,,,,,,,,,,,,,,,,,,,,,,,,,,,,,,,,,,,,,,Replace the money,Tell his superiors,check if everyone paid,check the cameras,check who was working the register.,"Ask the workers ",Fire the cashiers,Pray,93,67,59,2,92,50,100,81,84,95,100,94,100,100,100,91,100,100,100,100,67,75,100,77,44,49,50,41,71,49,100,100,,,,,,,,,,,,,,,,,,,,,,,,,,,,,,,,,,,,,,,,,,,,,,,,,,,,,,,,,,,,,,,,,,,,,,,,,,,,,,,,,,,,,,,,,,,,,,,,,,,,,,,,,,,,,,,,,,,,,,,,,,,,,,,,,,,,,,,,,,,,,,,,,,,,,,,,,,,,,,,,,,,,,,,,,,,,,,,,,,,,,,,,,,,,,,,,,,,,,,,,
